true_label,predicted_probability
0,0.00061734597
0,0.009032845
0,0.009834438
0,0.00073486974
0,0.006092054
0,0.0026783173
0,0.0048383055
0,0.06822581
1,0.99310875
0,0.0030260177
0,0.0009355708
0,0.019819826
0,0.010271661
0,0.003263411
0,0.013298805
1,0.9940348
0,0.016348124
0,0.0031854452
1,0.92427284
0,0.00046373453
0,0.0009818686
0,0.0019696532
0,0.0031980965
0,0.0010578426
0,0.033678196
0,0.0064849234
0,0.00038527735
0,0.0011918679
1,0.9936115
0,0.0093968725
0,0.050506465
0,0.044212308
0,0.00057436613
0,0.005490493
0,0.001042383
0,0.0019925628
0,0.034229282
0,0.015259874
0,0.003089664
0,0.006468918
0,0.003224982
0,0.30257186
0,0.012026565
0,0.0004938069
0,0.001272964
0,0.027805952
0,0.017998295
0,0.0033511606
0,0.0052300794
0,0.0106481295
0,0.005769755
0,0.00053019257
0,0.00052748644
0,0.00031713577
0,0.0052459883
0,0.003718434
0,0.012021234
0,0.010441815
0,0.0035704682
0,0.003853399
0,0.004089965
0,0.013065115
0,0.047456406
0,0.003974746
0,0.002363114
1,0.61944497
0,0.0009219816
0,0.0006583325
0,0.00489731
0,0.0012768254
0,0.0009768984
0,0.0043415655
0,0.0116410665
0,0.0072888494
0,0.0017875002
0,0.00447785
0,0.0071065314
0,0.00055743573
0,0.044834405
0,0.001658403
0,0.010934502
0,0.00084547454
0,0.00050887605
0,0.0053603053
0,0.0011938927
0,0.0014175369
1,0.99371475
0,0.013845329
0,0.008065775
1,0.9583122
0,0.005510949
1,0.991385
0,0.004926525
0,0.007682026
0,0.005306995
0,0.019261807
1,0.9946966
0,0.010318496
0,0.01245082
1,0.97546095
0,0.00209343
0,0.0027480246
0,0.004516376
0,0.018264625
0,0.00062125275
0,0.003356591
0,0.031952925
1,0.9339382
0,0.0056167915
0,0.0037185347
0,0.022345839
0,0.00081401796
0,0.021602524
0,0.013534701
0,0.0016452662
0,0.0054464997
0,0.0011173604
0,0.0004940536
0,0.0030482537
0,0.0029314512
0,0.0050351936
0,0.0011641624
0,0.0068027424
0,0.0042094495
0,0.005330041
0,0.006296585
0,0.0010934294
0,0.22065896
0,0.0016194183
0,0.000943324
0,0.00039106773
0,0.0031832447
0,0.0017211484
0,0.015581747
1,0.018859724
0,0.016586317
0,0.0021402002
0,0.005846301
0,0.00975371
1,0.99172676
0,0.0011489087
0,0.0015476827
0,0.007194918
0,0.0009607748
0,0.014715762
0,0.004578195
1,0.78456247
0,0.0075887064
1,0.7567807
0,0.01260637
0,0.00449725
0,0.0012718636
0,0.09747223
0,0.0035156538
0,0.0017326814
0,0.002482899
0,0.05471231
0,0.0061939145
0,0.010926536
0,0.0044488483
0,0.0013597095
0,0.0071185334
0,0.0027454006
0,0.0028804524
0,0.0014895195
0,0.0018904986
1,0.8234037
0,0.0056809247
0,0.015826441
0,0.0020625934
0,0.0010167432
0,0.0064454
0,0.0293406
0,0.046506077
0,0.001075881
1,0.8619099
0,0.10951617
0,0.0015731107
0,0.004178504
1,0.99478287
0,0.00054875953
0,0.0011222797
0,0.0013304695
0,0.0056818435
0,0.0032740983
0,0.033189554
0,0.011682472
0,0.011639816
0,0.013813729
0,0.00030581246
0,0.027558453
0,0.011633756
0,0.017463492
0,0.006989242
0,0.015320087
0,0.0036626
0,0.00183871
0,0.0070316773
0,0.0023382695
0,0.029102795
0,0.0009049191
0,0.004063575
0,0.043916386
0,0.057547614
0,0.00571511
0,0.00039928925
0,0.0003365571
0,0.018686982
0,0.0027250992
0,0.014432286
0,0.0011226123
0,0.010121459
0,0.0008074166
0,0.009403612
0,0.0004915356
0,0.011650952
0,0.0058713583
0,0.0007309139
0,0.01396471
0,0.020083385
0,0.001584707
0,0.0026890913
0,0.0020611235
0,0.0033318282
0,0.00036862234
0,0.0019916128
0,0.017691843
0,0.0013363137
0,0.0011656531
0,0.00092049554
0,0.002304897
0,0.010191227
0,0.0055695395
0,0.004899609
0,0.0030553523
0,0.00039670226
1,0.99510205
0,0.0012949444
0,0.0006970988
1,0.48120698
0,0.0007790561
0,0.00495243
0,0.0018007039
0,0.0042000175
0,0.0013359574
0,0.005255717
0,0.0007262065
0,0.005935133
0,0.023089437
0,0.0009348944
0,0.0045543923
0,0.000830049
0,0.0004968776
0,0.00890445
0,0.0015870362
0,0.0023082572
0,0.030326076
1,0.6997195
0,0.0009732396
0,0.030856043
0,0.0026534202
0,0.015346676
1,0.98552483
0,0.18075585
0,0.00091471866
0,0.05806414
0,0.01830425
0,0.0076520485
0,0.003885508
0,0.001405814
1,0.58715284
0,0.0036096966
0,0.0006837822
0,0.009312449
0,0.5918188
0,0.0014077586
0,0.05294568
0,0.0009357736
0,0.0027249774
0,0.0021499577
0,0.007098058
0,0.005508323
0,0.007855005
0,0.00067237625
0,0.0022264302
0,0.0046616723
1,0.9204371
0,0.00056972244
0,0.0006518877
0,0.00033495456
0,0.0043371753
0,0.008897766
0,0.026749698
0,0.018988635
0,0.0063894563
0,0.0023286806
0,0.00073133927
0,0.0107820295
0,0.00093226513
0,0.005118564
0,0.014498265
0,0.0013406995
0,0.011221237
0,0.01587523
0,0.0053793197
0,0.0011515734
0,0.00605069
0,0.0015636955
0,0.0066377474
0,0.016773216
0,0.007888271
0,0.0029695581
0,0.014312772
0,0.000837684
0,0.009666915
0,0.0014242104
0,0.006159457
0,0.0024540946
0,0.019121645
0,0.0012495707
0,0.0044948813
0,0.0020368302
0,0.00718025
0,0.008027949
1,0.9855188
0,0.016252473
0,0.0017394538
0,0.012845348
0,0.0009173978
0,0.0005400214
0,0.002622102
0,0.0027839588
0,0.016029749
0,0.006576057
0,0.0055524833
0,0.008115633
0,0.0062724967
0,0.0056509464
0,0.009474676
0,0.0008183102
0,0.007817205
1,0.9667
0,0.0013706817
0,0.007162111
1,0.99192506
0,0.028254751
0,0.0012536753
1,0.99172604
0,0.019334782
0,0.008562046
0,0.009187055
0,0.0008357924
0,0.007606381
1,0.9935334
0,0.053869415
1,0.99437994
0,0.010064305
0,0.0025938312
0,0.092481144
0,0.0033910014
0,0.014416876
1,0.9864226
0,0.009371363
0,0.002861115
0,0.017610831
0,0.016389782
0,0.014471547
0,0.0071288636
0,0.00093345926
0,0.021851283
1,0.9473949
0,0.0010741987
0,0.009625066
0,0.0014469988
0,0.008717736
1,0.9949302
0,0.0065877866
0,0.0011350834
0,0.0036491423
0,0.023344789
0,0.009439705
0,0.011080716
0,0.005115881
0,0.0012676747
0,0.011855355
0,0.039609425
0,0.011708223
0,0.002740693
0,0.0045141685
0,0.0008694817
0,0.0010235324
0,0.016961776
0,0.0011082677
0,0.0009495459
0,0.063296854
0,0.008944166
0,0.00071044423
0,0.007815049
0,0.0015378784
0,0.0013693653
0,0.23849621
0,0.0034649344
0,0.0013747442
0,0.01663783
0,0.007672436
0,0.0012527979
0,0.0074713677
0,0.0046442547
1,0.8391626
0,0.0010225937
0,0.023675954
0,0.12229781
0,0.001863345
0,0.0049054637
0,0.016206142
0,0.0012514765
0,0.0005598472
0,0.005193848
0,0.0021397502
0,0.013646157
0,0.0033349236
0,0.0014954025
0,0.0033743521
0,0.007879521
0,0.0060611893
0,0.01401593
1,0.9869135
0,0.004765395
0,0.0049463357
0,0.0057208734
1,0.9907884
0,0.008443215
0,0.0020442838
0,0.06632797
0,0.0027975526
0,0.0651205
0,0.0009049166
0,0.0041332357
0,0.0153464945
0,0.0005196983
0,0.001978919
0,0.007211054
0,0.056336798
0,0.010118259
0,0.0055662
0,0.0017322882
0,0.0013338876
0,0.0036248132
0,0.01039701
0,0.0014925858
0,0.008398812
0,0.00077590253
0,0.0032204264
0,0.0012761196
0,0.0032012977
0,0.015212891
0,0.0011770563
0,0.046834853
0,0.0010353482
1,0.6332196
0,0.00083828444
0,0.0009692648
0,0.0011179913
1,0.6222311
1,0.7401482
0,0.010588212
0,0.0072483867
0,0.00059287774
1,0.98877174
0,0.008501233
0,0.0020287249
0,0.012154731
0,0.0029875292
0,0.0052537727
0,0.0010131404
0,0.012062937
0,0.0015305717
0,0.006808315
0,0.005768237
0,0.0066854213
0,0.004187178
0,0.0012248533
0,0.014286116
0,0.0014655141
0,0.009477262
0,0.013984546
0,0.0005583349
0,0.00072034425
0,0.0011996838
0,0.0012451361
0,0.00057493383
0,0.0015960733
0,0.0017486662
0,0.0014897479
0,0.0027423876
0,0.0031452973
0,0.00074324233
0,0.0019347316
0,0.0057332492
0,0.0007256444
0,0.002204
0,0.0025894889
0,0.020958424
0,0.01793147
0,0.0053278366
0,0.0026589367
0,0.042554043
0,0.0010927661
0,0.019741895
0,0.0070414385
0,0.0026556095
0,0.0068675946
0,0.002721899
0,0.0038412537
0,0.0015323793
0,0.0030657856
0,0.0009096716
0,0.009254284
0,0.010898348
0,0.0015683202
0,0.00892054
0,0.0015632884
1,0.9054137
0,0.12300306
0,0.0055208546
0,0.008131205
0,0.01783353
0,0.016655229
0,0.15354656
0,0.013064058
0,0.0005721126
0,0.0059459177
0,0.0017851338
0,0.0020439238
0,0.003652714
0,0.13071047
0,0.01596387
0,0.012463767
0,0.0010758588
0,0.0006648663
0,0.06022769
0,0.6176034
1,0.84101933
0,0.01149523
0,0.023840688
0,0.003957106
0,0.0068169427
0,0.00035656622
0,0.0010637003
0,0.00055164093
0,0.0015121707
0,0.0042162687
0,0.0030887933
0,0.00526639
0,0.0012503166
0,0.008539262
0,0.000726553
0,0.00068249117
0,0.06676605
0,0.0102339275
0,0.0016027961
0,0.011367227
0,0.0009633362
0,0.16516484
0,0.0071275574
0,0.006041615
0,0.010948516
0,0.0032508904
0,0.0015297587
0,0.004264793
0,0.00052513566
0,0.010700697
0,0.001192442
0,0.00097555213
0,0.0007585324
0,0.00215664
0,0.0010992404
0,0.0022675314
0,0.00063915487
0,0.00073835923
1,0.93968076
0,0.035926748
0,0.1590683
0,0.30916983
1,0.95429325
1,0.008629402
0,0.00044715108
0,0.0026517024
0,0.0014377581
0,0.0018328635
0,0.0032200378
0,0.00095239724
1,0.994148
0,0.0012618311
0,0.00038956525
1,0.9924297
0,0.0020450456
1,0.98666996
0,0.00047547187
1,0.99446976
0,0.0010716486
0,0.02512433
0,0.01134024
0,0.03563798
0,0.006226489
0,0.0022766436
0,0.007618765
0,0.009607841
0,0.002024209
0,0.021398308
0,0.007273461
0,0.016928883
0,0.027910722
0,0.0067167445
0,0.041724786
0,0.018409066
0,0.084737085
0,0.0079901945
0,0.0010420226
0,0.0016703964
0,0.0058306935
0,0.026621215
0,0.007637178
0,0.0009944679
0,0.0012298739
0,0.011489786
0,0.00056333886
0,0.0010154794
0,0.005186993
0,0.01584998
0,0.00043542983
1,0.9937697
0,0.015077444
0,0.002180878
0,0.003991241
0,0.0011410058
0,0.020424437
0,0.0034659326
0,0.004759182
0,0.0005650013
0,0.0004014338
0,0.00088139443
0,0.005134313
0,0.001309451
0,0.0010835233
0,0.0024937808
0,0.019351613
0,0.0032294132
0,0.011549219
0,0.0020618956
0,0.005919927
0,0.0013652139
0,0.0016121232
0,0.007811996
0,0.026338693
0,0.017355477
0,0.036711667
0,0.0027233723
0,0.004832585
0,0.0009480552
0,0.003177479
0,0.026411323
0,0.0023230643
0,0.0014684596
0,0.025176976
0,0.0031516922
0,0.003431896
0,0.0035560671
1,0.9913293
0,0.001262033
0,0.025536994
0,0.004475708
0,0.0012573837
1,0.99153215
0,0.026724229
0,0.038223624
0,0.026825504
0,0.018087307
0,0.00044491084
0,0.01733918
0,0.011461977
0,0.0010377681
0,0.0004656858
0,0.0064124926
0,0.0027343845
0,0.0013117365
0,0.00080985273
0,0.0014547755
0,0.0006231427
0,0.009145389
0,0.00042593552
0,0.0057655876
0,0.036255702
0,0.006193891
0,0.1129317
0,0.00207548
0,0.014672614
0,0.0012649351
0,0.0017494181
0,0.013516982
0,0.0006948803
1,0.6216553
1,0.97814333
0,0.007204762
1,0.9927827
0,0.0014386182
0,0.0053604455
0,0.0018604641
0,0.008975286
0,0.00046932197
0,0.005474625
1,0.9765013
0,0.014953251
0,0.0075286203
0,0.0008810914
0,0.0016161444
1,0.9827208
1,0.9124799
0,0.007750893
0,0.0009064267
0,0.00563705
0,0.005063651
1,0.02744956
0,0.0052040652
0,0.0026674948
0,0.0019938576
0,0.008627868
0,0.0021291836
0,0.0010448835
1,0.9898403
0,0.0013708273
0,0.007037659
0,0.012436798
0,0.015745547
0,0.0028777118
0,0.007684356
0,0.017974237
0,0.0020433122
0,0.0017880031
0,0.0030197895
0,0.0024129911
0,0.008973137
0,0.102188714
0,0.00091127516
0,0.0042667165
0,0.0014470794
0,0.010254683
0,0.091343045
0,0.015450773
0,0.0006982716
0,0.0005776673
1,0.38698924
1,0.9142819
0,0.0012651634
0,0.0006606763
0,0.005495614
0,0.009666792
0,0.010078068
0,0.0069372184
0,0.40348235
0,0.041471917
0,0.003492487
0,0.006724416
0,0.0005402247
1,0.24389441
0,0.018400028
0,0.009540249
0,0.030525291
0,0.0021838404
0,0.0045389356
0,0.02178868
1,0.979074
0,0.008618041
0,0.0011122958
0,0.009815849
0,0.0019471898
0,0.010325375
0,0.26091093
0,0.0035019505
0,0.00464919
0,0.0019211163
0,0.0012890705
1,0.92393947
0,0.011666886
0,0.038267966
0,0.005247678
0,0.0007998866
0,0.005332969
0,0.0011222969
0,0.008951135
0,0.006945926
0,0.026257636
0,0.0014632584
0,0.016974144
0,0.08249778
0,0.008142762
0,0.012211629
0,0.0033881937
0,0.8238322
0,0.00052899146
0,0.0007328814
0,0.0026638855
0,0.009317325
0,0.003623937
1,0.9942536
0,0.022846384
0,0.015454067
0,0.009779867
0,0.003865425
0,0.10070983
0,0.15308285
0,0.0027442689
0,0.00047564818
0,0.0010805529
0,0.0019465383
0,0.0023828957
0,0.0007919729
0,0.009880438
0,0.0064974083
0,0.0053271013
0,0.0013863364
0,0.0005279807
0,0.02184586
0,0.0046596793
0,0.004823423
0,0.005061559
0,0.0147218825
0,0.008602777
0,0.0015357814
0,0.0057547027
0,0.00064189825
0,0.0045821997
0,0.00082059647
0,0.0011440471
0,0.0065030125
0,0.0029953881
1,0.9373503
0,0.0030748174
0,0.0029849864
0,0.01971031
0,0.00554084
0,0.01863017
1,0.9936464
0,0.20852973
0,0.010789711
0,0.004482331
0,0.042312175
0,0.020343095
0,0.023703894
0,0.0390907
0,0.025658842
0,0.0047876704
0,0.0008689686
0,0.0011910859
0,0.0021436277
0,0.000905699
0,0.0014021905
0,0.0006116495
0,0.01103331
0,0.012538767
0,0.015405424
0,0.0052446695
0,0.0067740683
0,0.00096401566
0,0.0017640708
0,0.0009862253
0,0.014705106
0,0.017439185
0,0.009990892
0,0.004538746
0,0.07213105
0,0.0038317137
0,0.0017625307
0,0.0016004759
0,0.13258886
0,0.010708297
0,0.003779381
0,0.004550745
0,0.006098004
0,0.0040975837
1,0.9900601
0,0.0086884415
0,0.023493612
0,0.0065200743
0,0.0037902745
0,0.006212902
0,0.04672189
0,0.0010690816
0,0.0020206806
0,0.002855415
0,0.018550245
0,0.0014896791
0,0.0007786182
0,0.0045903674
0,0.0010301601
0,0.02110942
0,0.001456511
0,0.06439228
0,0.005270031
0,0.001106535
0,0.0012064765
0,0.002293038
0,0.008682624
0,0.0009152605
0,0.001360424
0,0.0010479974
0,0.012789153
0,0.0034044206
0,0.00102281
0,0.0037238894
1,0.9775819
0,0.0008363118
0,0.004816456
0,0.10047601
0,0.0009890741
0,0.0026729158
0,0.009734785
0,0.0021644353
0,0.0017189287
0,0.01372585
0,0.016969783
0,0.0013749296
0,0.0006667169
1,0.98117507
0,0.003878367
0,0.01709803
0,0.007651321
0,0.0012284226
1,0.79856324
0,0.0017249384
0,0.03020696
0,0.010498454
0,0.047383625
0,0.8188572
0,0.008727508
0,0.0059576053
1,0.9626362
0,0.0007244649
1,0.9883366
0,0.011448849
1,0.76784384
0,0.004830432
0,0.013616364
1,0.98855245
0,0.001883193
0,0.0010833715
0,0.00049094064
0,0.014110668
1,0.97943497
0,0.009655491
0,0.014483146
0,0.0074353307
0,0.0034894329
0,0.00087180664
0,0.0032917466
0,0.037123624
0,0.0008028586
0,0.0006651734
0,0.03704448
0,0.0019489374
0,0.01731036
0,0.0005789657
0,0.000981429
1,0.9913591
0,0.0005171825
0,0.009302324
0,0.0022650796
0,0.002420178
0,0.004215047
0,0.004228408
0,0.0013565032
0,0.10012113
0,0.0035493558
0,0.00092175364
0,0.010501174
0,0.012949465
0,0.00061736506
0,0.016806364
0,0.07855341
0,0.00055854174
1,0.99192506
0,0.00934608
0,0.050494906
0,0.010257032
0,0.00055626594
0,0.0009725954
0,0.013593001
0,0.00228753
0,0.0037567914
0,0.06825589
0,0.0023976055
0,0.007069336
0,0.0014656207
0,0.0015264243
0,0.0018685298
0,0.0042092893
0,0.019933296
0,0.032439526
0,0.026579477
1,0.97837985
0,0.0041871085
0,0.010681964
0,0.2096875
0,0.0016437725
0,0.0076316544
0,0.0048708115
0,0.00062487036
0,0.20201083
0,0.008608558
0,0.0051908675
0,0.0010929259
0,0.0012525563
0,0.002935676
0,0.0043468806
0,0.51711
0,0.0008076329
0,0.0019327604
0,0.00083252555
0,0.005977677
1,0.9901967
0,0.012383441
0,0.005658851
0,0.0050207376
1,0.8758174
0,0.08673515
0,0.00091482553
0,0.03976556
0,0.0021474794
0,0.022483762
0,0.007216802
0,0.0072887256
1,0.9896854
0,0.0049651396
0,0.012309746
0,0.011334596
0,0.0017875017
0,0.00063272397
0,0.0039790445
0,0.0057943184
0,0.0036432182
0,0.010393492
0,0.00047147245
0,0.000821189
0,0.0016370051
0,0.0024592632
0,0.000805573
0,0.007862157
0,0.005532362
0,0.0012753359
0,0.001963181
0,0.0059657213
0,0.0051462105
1,0.99122906
0,0.00048379763
1,0.9939161
0,0.004922247
1,0.95580137
0,0.0016818406
0,0.006290668
0,0.002288217
0,0.0008831388
0,0.0011363119
0,0.0015704595
0,0.00062482094
0,0.0072561763
0,0.019616771
0,0.00546866
0,0.0006067343
0,0.00492876
1,0.99385625
0,0.0017901959
0,0.0007835612
0,0.0017047533
0,0.004130281
0,0.00083545595
0,0.0009347483
0,0.08730231
0,0.0017034952
1,0.67151827
0,0.02534662
0,0.0053466656
0,0.00095120346
1,0.22499798
1,0.99386626
0,0.038720414
0,0.0039215977
0,0.00040228656
0,0.0005029133
0,0.0036518655
0,0.034538887
0,0.006507358
0,0.0011814124
0,0.007150276
0,0.0024769327
0,0.0023602792
0,0.045671776
0,0.006173054
0,0.16466798
0,0.00568581
0,0.0037009798
0,0.0011128793
0,0.02167176
0,0.0015399226
0,0.007097826
0,0.020999847
0,0.012322537
0,0.0073654144
0,0.04143813
0,0.00077197416
0,0.0017966562
0,0.0025661464
0,0.001153987
0,0.0005053077
0,0.00066169904
0,0.005162512
0,0.0007468673
0,0.0071744025
0,0.0019309565
1,0.75689316
0,0.0037383887
1,0.99445266
0,0.0010966163
1,0.21673763
0,0.0041007996
0,0.0013851942
0,0.002364607
0,0.0009846799
0,0.9812929
1,0.9908268
0,0.0034813061
0,0.005101101
0,0.021836815
1,0.97923696
0,0.021113418
0,0.0019710737
0,0.00838628
0,0.012009364
0,0.014978359
0,0.0039126207
0,0.0035028693
0,0.037674613
0,0.0027435615
0,0.0013916873
0,0.0015081156
0,0.0012022228
0,0.004924057
0,0.024745861
0,0.009501936
0,0.0011852178
0,0.0005413763
1,0.9868989
0,0.0012331894
0,0.00501114
0,0.009342439
0,0.0010745678
0,0.0055814227
0,0.00031224795
0,0.021542404
0,0.0048964247
0,0.001294177
0,0.01664291
0,0.005337871
0,0.009108553
0,0.0008500143
0,0.001096774
0,0.0019664809
1,0.99510205
0,0.014990629
0,0.0008221889
0,0.042145766
1,0.99424124
0,0.0032446897
0,0.9052725
0,0.0046656188
1,0.99174106
0,0.0119009
0,0.0013905618
0,0.002492845
0,0.021789966
1,0.960946
0,0.011135908
0,0.005222585
0,0.01327232
0,0.0035516366
0,0.001174692
0,0.0006577088
0,0.00091841933
0,0.0013925458
0,0.020281259
0,0.019801946
0,0.0011922994
0,0.00031563485
1,0.9882764
0,0.023304386
0,0.02009169
0,0.009663351
1,0.7302101
0,0.004918882
0,0.0069453768
0,0.006659761
0,0.00079730223
0,0.0057191593
0,0.83792156
0,0.0009369097
0,0.011125412
0,0.0018321779
0,0.0037370124
0,0.005457561
0,0.0057675783
0,0.01156193
0,0.012756287
0,0.006177259
0,0.0021665515
0,0.010717797
0,0.000660705
0,0.0017768194
0,0.0013760265
1,0.90562993
0,0.0063864994
0,0.0031446952
0,0.0031366125
0,0.03744075
0,0.005302818
0,0.0017598749
0,0.004944658
0,0.0037309865
0,0.037511624
0,0.0011630234
0,0.0031341268
0,0.00084430404
1,0.22388735
0,0.0046762307
0,0.08594264
0,0.0023884405
0,0.0010202952
0,0.000782712
0,0.0011101204
0,0.0005204994
0,0.0056898766
0,0.037957218
0,0.020895861
0,0.0024568618
0,0.0029551238
0,0.0122256605
0,0.043132927
0,0.009393509
0,0.0005159331
0,0.0018024165
0,0.0013516061
0,0.00884912
0,0.008686861
0,0.004442479
0,0.001343596
0,0.0034279402
0,0.0004125666
0,0.0009248715
0,0.0013469915
0,0.002454299
0,0.002518139
0,0.0010479679
0,0.0015017226
0,0.023576632
0,0.0018118694
0,0.0010545544
0,0.0008933852
0,0.0006410039
0,0.00799436
1,0.98838204
0,0.006072345
0,0.004148684
0,0.0010216361
0,0.0065467567
0,0.0008858311
0,0.006629892
0,0.006086995
0,0.008844474
0,0.025990902
0,0.050306104
0,0.005721296
0,0.0006666455
0,0.011582613
0,0.0007105234
0,0.002752314
0,0.00036916282
0,0.0023934986
0,0.0008839883
1,0.0076435627
0,0.020885548
0,0.0044350494
0,0.014796589
1,0.9902756
0,0.0060449173
0,0.005212507
0,0.0030484523
0,0.004507077
0,0.007194442
0,0.0015054267
0,0.001469748
0,0.002557419
0,0.0045593544
1,0.9878114
1,0.89702356
0,0.0010709296
0,0.026202658
1,0.99187005
0,0.0007790947
0,0.0035292679
0,0.0044088843
0,0.014069784
0,0.002135963
0,0.033797234
1,0.992351
0,0.0009329715
0,0.045165338
0,0.0020480247
0,0.32005516
1,0.994099
0,0.0020669883
1,0.68925387
0,0.00048542712
0,0.0025512546
0,0.0008532908
0,0.02312472
0,0.0075064413
1,0.92675203
0,0.01953565
0,0.0073957965
0,0.012719139
0,0.00042764324
0,0.0050530722
0,0.0023549856
0,0.023046264
1,0.012774537
0,0.002072325
0,0.00037781545
0,0.00037124686
0,0.01733027
0,0.02214289
0,0.0013780042
0,0.0071794237
0,0.0035926842
0,0.009953076
0,0.0017628671
0,0.031642422
0,0.006621647
0,0.27108306
0,0.0009801992
1,0.94350463
0,0.0005885401
0,0.0072794086
0,0.004951015
0,0.0016026886
0,0.06408877
0,0.00065104204
1,0.9842413
0,0.004246964
0,0.08143775
0,0.0062124836
0,0.00081956224
0,0.00077047746
0,0.002929888
0,0.007778582
0,0.0018992571
0,0.0042236703
0,0.005135953
0,0.008536623
0,0.020808365
0,0.016663281
0,0.019408692
0,0.0010288993
0,0.21247512
0,0.009954966
0,0.0017556837
1,0.99510205
0,0.098727286
1,0.97578037
0,0.0006571483
0,0.0011465002
0,0.00082739803
0,0.0013702183
0,0.0023884145
0,0.002391616
0,0.004134791
0,0.019655306
0,0.87365717
0,0.0007177178
0,0.0037430672
0,0.00036813854
0,0.0024792147
1,0.88455784
0,0.004993814
0,0.0028179407
0,0.00707401
0,0.20425685
0,0.00042504503
0,0.001019381
0,0.033719685
0,0.0021007133
0,0.00055079587
0,0.0011919843
0,0.011567081
0,0.0036021497
0,0.00060791255
0,0.0061312746
0,0.0009856053
0,0.0026497622
0,0.5137076
1,0.8086391
1,0.9946068
0,0.000896173
1,0.46235472
0,0.0031129185
0,0.0007952918
0,0.009734068
0,0.0004666301
0,0.003308648
0,0.010441981
0,0.00078268815
0,0.0006366834
0,0.009842856
0,0.0047295587
0,0.004109182
0,0.0026153203
0,0.0021741404
0,0.22574495
0,0.018269781
0,0.001364727
0,0.010007248
0,0.00847459
0,0.18568265
0,0.0016690515
0,0.019548208
1,0.9446149
0,0.008384429
0,0.0010481252
0,0.0036102196
0,0.009248786
0,0.003175059
0,0.0042351615
0,0.0009827927
0,0.092838585
1,0.89961505
0,0.012044465
1,0.88626647
0,0.0064669447
0,0.0077404147
0,0.0046825204
0,0.005544522
1,0.8734925
0,0.0050649
0,0.00066551485
0,0.0034095044
0,0.04343381
0,0.049331117
0,0.011775169
1,0.9829002
0,0.0015580478
0,0.0013867432
0,0.0019327741
0,0.014445606
0,0.00035760846
0,0.0074929013
0,0.038467187
0,0.004593057
0,0.0017204775
0,0.002199684
0,0.56141555
0,0.0004808692
0,0.050049573
0,0.034612067
0,0.0060520642
0,0.015249494
0,0.0026536374
0,0.00068444136
0,0.008507276
1,0.7607507
0,0.0024804932
0,0.0006437423
0,0.013679521
0,0.100006714
0,0.001339026
0,0.0036254092
0,0.0007343979
0,0.0016290995
0,0.004423495
0,0.03285827
0,0.0025646554
0,0.014651499
1,0.99416393
0,0.0012865989
0,0.001171226
0,0.0033015294
0,0.007298507
0,0.0054099346
0,0.006538512
0,0.06507892
0,0.00084914
0,0.0006784387
0,0.00048058803
0,0.009094572
0,0.0014151603
0,0.007330658
0,0.0019204774
0,0.015706996
0,0.043322407
0,0.0014387071
0,0.009352315
0,0.0009814271
0,0.004116825
0,0.003591853
0,0.008730375
0,0.0020024648
0,0.0014422443
0,0.0020201902
0,0.001853819
0,0.0057423078
0,0.011886156
0,0.005475049
0,0.0036629604
0,0.016848981
0,0.003880777
0,0.001026588
0,0.0041036927
0,0.0023561802
0,0.0023377559
0,0.0069685224
1,0.97714454
0,0.0006705285
1,0.9935142
0,0.0021617017
0,0.015887847
0,0.0022069067
0,0.022313017
0,0.001022908
0,0.0020361303
0,0.017209139
0,0.0006097938
1,0.32064617
0,0.0021934875
0,0.0034133433
0,0.0010254385
0,0.005401979
1,0.99014413
0,0.0028827046
0,0.0009700177
0,0.035749823
0,0.025954645
0,0.009676004
0,0.0012289861
0,0.04234174
0,0.005573481
1,0.98760915
0,0.0006970988
0,0.001017789
0,0.009319667
1,0.86919296
0,0.027832879
0,0.0020347822
0,0.0013049229
1,0.99510205
0,0.0065469425
0,0.0010425845
0,0.0058066654
0,0.001546988
0,0.0022135307
0,0.0025671695
0,0.00335039
0,0.00274898
0,0.003838441
0,0.013731635
0,0.0006758222
0,0.013601975
0,0.25033987
0,0.00043424327
0,0.018677916
0,0.00095480995
0,0.014299183
0,0.01163228
0,0.0011085
1,0.99426043
0,0.00050333823
1,0.9940348
0,0.0017152946
1,0.9839221
0,0.01852217
0,0.0010208285
0,0.010190145
0,0.00091249595
0,0.0033005143
0,0.0029031495
0,0.003647236
0,0.0025040086
1,0.9936156
0,0.008457247
0,0.00072012877
0,0.0036503477
0,0.3211612
0,0.0031346616
0,0.0011691906
0,0.005979366
0,0.009848075
0,0.002643464
0,0.01528796
0,0.000995892
0,0.000793672
0,0.008472888
0,0.00094320986
0,0.0069738496
0,0.013666724
0,0.0004937925
1,0.97074324
0,0.017161574
0,0.0075703636
1,0.98811394
0,0.0072201546
0,0.004426331
0,0.008282808
0,0.012419358
0,0.0010321524
0,0.010255221
0,0.00060039415
0,0.004602019
0,0.0055870977
0,0.0012075239
0,0.0019559658
0,0.10168453
0,0.0007685837
1,0.95880556
0,0.0019440803
0,0.019599983
1,0.006116528
0,0.006010697
0,0.009211824
0,0.0059384257
0,0.0005395221
0,0.008457295
0,0.00061813137
0,0.010885269
0,0.0015602799
0,0.036171816
0,0.0008914142
0,0.0005080076
0,0.001257716
0,0.023156874
0,0.0013845309
0,0.0031840072
0,0.014208933
0,0.002969304
1,0.98235774
0,0.015450506
0,0.00032798803
0,0.0016935951
0,0.00067866634
0,0.03489126
0,0.008780457
0,0.07896005
0,0.0060954182
0,0.0011348883
0,0.00075482385
0,0.003623937
0,0.0010365611
0,0.0011351234
0,0.0015484691
0,0.011728694
0,0.0032607908
1,0.9926549
1,0.98279864
0,0.006349536
0,0.014698383
0,0.009128371
0,0.0022676187
0,0.0053835236
0,0.0038185676
0,0.0007779218
1,0.71848047
0,0.0015103179
0,0.0011920984
0,0.002087265
0,0.02369855
0,0.00081021595
1,0.99446976
0,0.015408608
0,0.01760203
0,0.0023628385
0,0.0025715798
1,0.9801199
0,0.0012870898
0,0.004995435
0,0.0012953158
0,0.0004179587
0,0.0062376815
0,0.0057794517
0,0.027796233
0,0.0061998027
0,0.0023531758
0,0.057133447
1,0.6558524
1,0.29279974
0,0.0034891048
0,0.0052060504
0,0.0016402111
0,0.0010999349
0,0.004061476
0,0.011705618
0,0.012680856
0,0.0008925454
0,0.002821562
0,0.16959602
0,0.0011179019
1,0.87117076
1,0.033639368
0,0.0013359898
0,0.0017442901
0,0.0012653423
0,0.00066727254
0,0.010109676
0,0.0014244133
0,0.0011295263
0,0.0014082533
0,0.70757437
0,0.0012058837
0,0.0010512482
0,0.0040121144
1,0.98238903
0,0.010966221
0,0.0013023484
0,0.018371606
0,0.0028283412
0,0.038332712
0,0.0013232582
0,0.009025754
0,0.0041399933
0,0.006421336
0,0.0062121865
0,0.05331325
0,0.0038569388
0,0.0046874117
0,0.02303198
0,0.030412747
0,0.09619025
0,0.009277401
1,0.99051535
0,0.0026392255
0,0.0008735246
0,0.0067726336
0,0.0009098272
0,0.00077711383
1,0.99469006
0,0.0068718856
1,0.98652124
0,0.013285778
0,0.0016744694
0,0.121170126
0,0.001971174
0,0.0016831309
0,0.0027415976
1,0.8869393
1,0.8573122
0,0.48080242
0,0.0015492064
0,0.008313754
0,0.14960268
0,0.009878876
1,0.8531181
1,0.9925685
0,0.12416263
1,0.99283034
0,0.00096048473
0,0.0006156772
0,0.017925326
0,0.0006376067
0,0.0010046508
0,0.0005850794
0,0.0012636273
1,0.95625836
0,0.0034843895
0,0.0011302405
0,0.0027893821
0,0.001382224
0,0.0048829326
0,0.00038901268
0,0.014181316
1,0.9846265
0,0.005436304
0,0.05173976
1,0.698609
0,0.0073883887
0,0.0022818977
0,0.009240003
0,0.008675546
0,0.055074494
0,0.0007003306
0,0.0005984614
0,0.00093001965
0,0.014606595
0,0.04446945
0,0.014208433
0,0.00031896358
0,0.00091776287
0,0.0012296488
0,0.0009828316
0,0.00061082136
0,0.024189021
0,0.010820153
0,0.02018819
0,0.002993304
1,0.99091023
0,0.021268733
1,0.9853
0,0.04596807
1,0.9919756
0,0.0032705723
0,0.00052262767
0,0.0032555647
0,0.021297453
0,0.0017567194
0,0.0013146688
0,0.004726139
0,0.004402353
0,0.0016048867
0,0.009964576
0,0.0107200015
1,0.01836029
0,0.00086241093
0,0.004467237
0,0.016617207
0,0.0009871597
0,0.0017900383
1,0.99004644
0,0.00519704
0,0.0023932515
0,0.006865033
0,0.0041693198
0,0.0065904306
0,0.0018051518
1,0.91539615
0,0.001374578
0,0.0042150016
0,0.00049331714
0,0.005624347
0,0.014117494
0,0.006598646
1,0.9934269
0,0.007540879
0,0.0030962317
1,0.9554593
0,0.278126
0,0.0047029587
0,0.0036715146
0,0.0035753285
0,0.8922418
0,0.0024820582
0,0.0011496367
0,0.0037625635
0,0.034967866
0,0.00055589754
0,0.0052893036
0,0.020328127
0,0.0007999464
0,0.0018682905
1,0.9242152
0,0.00044253262
0,0.0010492312
1,0.9895201
0,0.004503078
0,0.00097359944
0,0.0006471327
0,0.008417323
0,0.057809744
0,0.05001869
0,0.93361735
0,0.0010810075
0,0.0075990376
0,0.0020525341
0,0.001340849
0,0.0016250391
0,0.004052713
0,0.008427987
0,0.030155323
0,0.0051824753
0,0.005190252
0,0.00033735298
0,0.0010982639
0,0.0025861312
1,0.9144065
0,0.00080446416
0,0.0015322332
0,0.008831818
0,0.0034116681
0,0.010721478
0,0.0026174868
1,0.99510205
0,0.0016865002
0,0.0041154856
0,0.0010507386
0,0.0034672585
0,0.005981739
1,0.91879797
1,0.9886851
0,0.0018596612
0,0.001208224
0,0.0054222587
0,0.0017740314
0,0.0011604948
1,0.9944722
0,0.0018447654
0,0.004713486
0,0.026333831
0,0.015186596
0,0.0044000773
1,0.987733
0,0.0067137675
0,0.008891322
0,0.0075688297
0,0.006892614
0,0.0016186406
0,0.0040770574
0,0.14677347
0,0.008337888
0,0.0030679873
0,0.02567335
0,0.0048289606
0,0.009633029
0,0.0015883212
0,0.000986643
0,0.025705645
0,0.007468751
0,0.008783396
0,0.0012722943
0,0.042170737
1,0.9150942
0,0.00094948127
0,0.017179606
0,0.0017248712
0,0.0010656421
0,0.041238718
0,0.001447384
0,0.005649246
0,0.0004887692
0,0.030306906
0,0.009204425
0,0.0051871263
0,0.0009975729
0,0.0048567285
0,0.037776787
0,0.0011348282
0,0.0016391753
1,0.99423176
0,0.0013550958
0,0.0011861274
0,0.010352942
0,0.0010008881
0,0.00078823324
0,0.0027581588
0,0.019949075
1,0.99490213
0,0.0038443876
0,0.020089837
0,0.00100961
0,0.017478243
0,0.0017346985
0,0.0011829574
0,0.005734331
0,0.00992662
0,0.04492309
0,0.024405072
0,0.004534347
0,0.0048443223
0,0.00083512446
1,0.99296534
0,0.0018709619
0,0.0040089907
0,0.0057502463
0,0.17981467
0,0.01604747
0,0.0035585705
0,0.009856629
0,0.0007930793
0,0.00081990904
0,0.04282714
0,0.0013357302
0,0.01891006
0,0.0013947263
0,0.0021925035
0,0.33173946
0,0.0016045193
0,0.0025657022
0,0.0017487819
0,0.0031133103
0,0.0018733169
0,0.0008700826
0,0.008164867
0,0.033842716
0,0.0011266008
0,0.025072865
0,0.0008824054
0,0.0005672348
0,0.0065792417
1,0.9944079
0,0.0006771394
0,0.011578034
0,0.19512673
0,0.006391424
0,0.0006988878
0,0.001172588
0,0.013385461
0,0.20721652
0,0.0015764717
0,0.0007077742
1,0.84973234
0,0.000761672
1,0.9922247
0,0.0033852372
0,0.0040089106
0,0.0003781646
0,0.0072507374
0,0.006189581
0,0.0008762108
0,0.19648406
0,0.0046415264
0,0.00062804646
0,0.0022980005
0,0.00856957
0,0.0021524758
0,0.0033540078
0,0.0003414122
0,0.011431878
0,0.0025366927
1,0.99417865
0,0.0004973021
0,0.0018337998
0,0.0057482133
0,0.0074587795
0,0.10288367
0,0.0106113665
0,0.08936374
0,0.003933516
0,0.004682807
0,0.022062723
0,0.0023581919
0,0.00048281476
0,0.0007167356
0,0.012225747
0,0.0053402763
0,0.006326973
0,0.0073975604
0,0.0039598583
0,0.06399993
0,0.00038669253
0,0.0010036172
0,0.003017743
1,0.021925915
0,0.000995848
0,0.0049989037
0,0.00062529213
0,0.00517099
0,0.003930416
0,0.000846123
0,0.028123895
0,0.009493028
0,0.0014789638
0,0.0019663826
0,0.011642592
0,0.011106898
0,0.0010230693
0,0.028590096
0,0.021567715
0,0.001959083
0,0.001159772
0,0.0013262111
0,0.00037619346
0,0.000599333
0,0.007028265
0,0.0033800239
0,0.0012735036
0,0.07182143
0,0.0020660353
0,0.00084504805
0,0.0032737602
0,0.0054569165
0,0.0030726388
0,0.0020471516
0,0.00085637945
0,0.0051827384
0,0.00431038
0,0.008433476
0,0.032247607
0,0.016945515
0,0.014609875
0,0.7581615
0,0.016456462
1,0.9889225
0,0.0045322273
0,0.005837677
0,0.0059921136
0,0.066482306
0,0.0020277684
1,0.9931722
0,0.8382835
0,0.010393148
0,0.003199679
0,0.018875351
1,0.988794
0,0.015650839
0,0.004162157
0,0.0030264405
0,0.010554662
1,0.9353861
0,0.0009941217
1,0.9901092
0,0.004705198
1,0.98897946
0,0.0068615484
0,0.034080707
0,0.005318523
0,0.03823294
0,0.008203848
0,0.0070996443
0,0.0010363365
1,0.86518365
1,0.026437331
0,0.010555707
0,0.007864334
0,0.07004055
0,0.0040023266
0,0.032925323
0,0.0011927572
0,0.0026655344
0,0.015470509
0,0.0011369501
1,0.72941196
0,0.0006447591
0,0.0017151388
0,0.009286802
0,0.0064280904
0,0.0054362193
0,0.0024267202
0,0.0024692207
0,0.008102935
0,0.0011130245
0,0.00083486864
0,0.0071286843
0,0.0012497243
1,0.99426043
0,0.004868177
0,0.0013097915
0,0.00171496
0,0.0007045953
0,0.024406122
0,0.0005757463
0,0.022014912
0,0.021771548
0,0.0012505387
0,0.012123699
0,0.0014164195
0,0.0076279314
0,0.018340945
0,0.0012863734
0,0.002928026
0,0.004360771
0,0.01697225
0,0.0004541834
0,0.046189327
0,0.0021615648
1,0.98888355
0,0.008687083
0,0.013633384
0,0.000909829
0,0.014012128
0,0.00055766397
0,0.0011805176
0,0.008242671
0,0.0006836056
0,0.028201012
0,0.0025082212
0,0.015529907
0,0.034541074
0,0.058924615
0,0.01676987
0,0.010337959
0,0.0023100665
0,0.008734961
0,0.00657431
0,0.0034627325
0,0.0015022218
0,0.002535396
0,0.0012172473
0,0.005617663
0,0.046240877
0,0.011417903
0,0.0031368094
0,0.014356301
0,0.009632952
0,0.022704596
0,0.0012942349
0,0.0014935802
0,0.002351345
0,0.00064570707
0,0.05012346
0,0.0030970192
0,0.0016896686
0,0.0025603191
0,0.0020674318
0,0.100205384
0,0.24542977
1,0.9887177
0,0.58307993
0,0.0012876107
0,0.0009219487
0,0.0023073624
0,0.0009795458
0,0.0097571
0,0.0009626174
0,0.005686923
0,0.001323541
1,0.12562244
0,0.0009561372
0,0.008785236
0,0.005810228
0,0.002259614
0,0.000997215
0,0.016320985
1,0.99164236
1,0.9812356
0,0.00046658295
0,0.0016311746
0,0.0042606355
0,0.0012109898
0,0.0005473658
0,0.02169213
0,0.002060042
0,0.007464401
0,0.1154213
0,0.0055856328
0,0.004469273
0,0.025159251
0,0.00467159
0,0.0012653702
0,0.0028610523
0,0.00161254
0,0.010209926
0,0.007875276
0,0.010833574
0,0.0044449577
0,0.007924824
0,0.0059703947
0,0.0010706496
0,0.0011816539
0,0.00045232775
0,0.0037740595
0,0.0004504253
0,0.009667422
0,0.006089245
0,0.02206143
0,0.045755595
0,0.0071797604
0,0.006117569
0,0.015627107
0,0.00041629325
0,0.0042648474
0,0.012016608
0,0.0023447056
0,0.00048433983
1,0.9928114
0,0.0005598667
0,0.0045224084
0,0.004478909
0,0.019721018
0,0.009643343
0,0.00082051207
0,0.0047509028
0,0.0018569414
0,0.0020994402
0,0.002758657
0,0.006189235
0,0.008732962
1,0.908968
0,0.002520893
0,0.01239264
0,0.0014345775
1,0.9908268
0,0.0004861657
0,0.0014382566
0,0.00060809794
0,0.0010045919
0,0.0011443975
0,0.002134498
0,0.0054686884
0,0.004453975
0,0.01507464
0,0.003883816
0,0.00595268
0,0.009138686
0,0.00057294837
0,0.012118902
0,0.006092946
1,0.9742053
0,0.0004194889
0,0.0031269123
0,0.007882735
0,0.030339617
0,0.002756951
0,0.0105548855
0,0.009378293
0,0.0093109235
0,0.20521054
0,0.0011494795
0,0.0017067719
0,0.048081677
0,0.0023787348
0,0.084452175
0,0.00068778236
0,0.0134178735
0,0.0043927846
0,0.0009215689
0,0.006114456
0,0.0060332534
0,0.005800593
0,0.0015673708
0,0.0013052411
0,0.0044505363
0,0.0013364804
0,0.2948977
0,0.006505253
0,0.00746367
1,0.99090016
0,0.021020334
0,0.0018166864
0,0.00042431895
0,0.046444114
0,0.0018192771
1,0.98689485
0,0.003931133
0,0.0073828762
0,0.0030099729
0,0.0042709936
0,0.021915363
0,0.008825575
1,0.992867
0,0.0010908019
0,0.01306123
0,0.037060924
0,0.002947069
0,0.00949162
0,0.00364567
0,0.00083197677
1,0.0070349444
0,0.0021432524
0,0.0093847625
1,0.98820835
0,0.0065404857
0,0.00033622104
1,0.9944559
0,0.018645734
0,0.0007585251
0,0.053170808
0,0.00996522
1,0.74350256
0,0.00838751
0,0.0013114791
0,0.0070190732
1,0.9923496
0,0.0028711855
0,0.0048161936
0,0.010010257
0,0.00430496
0,0.009955788
0,0.0068797655
0,0.04592731
0,0.11093432
0,0.00817489
1,0.6372961
0,0.0006257977
0,0.00041803904
1,0.036508255
0,0.0011893038
0,0.059351277
0,0.08943709
0,0.0012342476
0,0.017337613
0,0.00045873795
0,0.032309406
1,0.99090296
0,0.0018895664
0,0.0006943898
0,0.0008332752
0,0.011176044
0,0.00254187
0,0.00081342825
0,0.003535243
0,0.0010037648
0,0.0008368742
0,0.01781934
0,0.03452366
1,0.97296256
0,0.009122629
0,0.0010094354
0,0.0013917761
0,0.0013870338
0,0.013645298
0,0.0058025927
0,0.005673713
0,0.0021020782
0,0.006940692
0,0.014524498
1,0.9947207
0,0.0005942655
0,0.0011576501
0,0.0014422025
0,0.0019287502
0,0.5671079
0,0.014855356
0,0.002770764
0,0.0017373619
0,0.0006660653
0,0.02487703
0,0.005005195
1,0.9943509
0,0.0015691313
0,0.007994417
0,0.015546749
0,0.026496205
0,0.0030470933
0,0.0040406943
0,0.008486235
0,0.005456852
0,0.0038783003
0,0.018000243
0,0.0078043304
0,0.0168765
0,0.18245782
0,0.0027010066
0,0.006248358
0,0.011868472
0,0.0061104326
0,0.015950752
0,0.0015113523
0,0.0009197688
0,0.0057895924
0,0.0075072832
0,0.0012753389
0,0.010215185
0,0.0050029918
0,0.0058099306
0,0.009949374
0,0.0013322852
1,0.6593975
0,0.0113150235
0,0.0018480611
0,0.017207542
0,0.1634366
0,0.005359418
0,0.0012558355
0,0.009231608
0,0.0018132472
0,0.016820025
0,0.0017223746
0,0.0022932037
0,0.006279232
0,0.001007689
0,0.009834424
0,0.015112961
0,0.0007622177
0,0.0021795875
0,0.0003805731
1,0.9945117
0,0.010165751
1,0.99495476
0,0.00075292255
0,0.0038618976
0,0.22522166
0,0.0031581393
0,0.00057249446
0,0.0015694759
0,0.041018512
0,0.0011999124
0,0.008397339
0,0.002888401
1,0.7576573
0,0.008600187
1,0.87973905
0,0.0015551517
0,0.00079050375
1,0.65538126
0,0.0014337294
0,0.0032604637
0,0.0013249745
0,0.77949524
0,0.0072171846
0,0.004394593
0,0.03327618
0,0.0013412794
0,0.00096304074
0,0.0009640588
0,0.0009952731
0,0.015491542
0,0.0030111265
0,0.0028751201
0,0.010703226
0,0.00095851865
0,0.009762842
0,0.0014401664
0,0.07471462
0,0.0052203755
0,0.012160612
0,0.009115704
0,0.0010896148
0,0.000468071
0,0.012738332
1,0.008417557
0,0.0031535206
0,0.02440389
0,0.0054467763
0,0.14109983
1,0.9893309
0,0.0007824092
1,0.92783034
1,0.9221258
0,0.0026808835
0,0.00036749337
0,0.0007102333
1,0.8869424
0,0.03352909
0,0.008985199
0,0.0011796717
0,0.00096785143
0,0.0009468862
1,0.9556778
0,0.0015039551
1,0.93980247
0,0.0041075214
0,0.009282307
0,0.0053622304
0,0.008854562
0,0.0032373786
0,0.0013866957
0,0.0007098452
0,0.005675007
0,0.01019936
0,0.016641652
0,0.0010576315
0,0.004087608
0,0.004663049
0,0.01089213
0,0.01662546
1,0.008514595
0,0.0014918731
0,0.007437618
0,0.005073274
0,0.004349998
0,0.014101801
0,0.0036682126
0,0.00033002623
0,0.49465075
0,0.0005495486
0,0.006791225
1,0.994351
0,0.015211641
0,0.0012055099
0,0.0010306004
0,0.0005350768
0,0.006255459
0,0.00094748545
0,0.009935073
0,0.005108458
1,0.10563804
1,0.9844019
0,0.0020280057
0,0.016693797
0,0.0020674595
0,0.00058183953
0,0.006927518
0,0.001594546
0,0.0009876235
0,0.0014077814
0,0.010545756
0,0.0010592206
0,0.0005269234
0,0.006684677
0,0.00075414724
0,0.0067558214
0,0.0010959426
0,0.0011365165
0,0.011961093
0,0.033540927
0,0.0055171116
0,0.100800045
0,0.007685669
0,0.01451534
0,0.0009584794
0,0.0023858743
0,0.014597448
0,0.00078111223
0,0.00067773694
0,0.009137995
0,0.007490054
0,0.013919229
0,0.0031014096
0,0.0025431798
0,0.005525252
0,0.0049444046
0,0.0006492448
0,0.0036968482
1,0.042344455
0,0.046189327
0,0.0005370662
0,0.006891178
0,0.004184145
0,0.0013605418
0,0.0012890336
0,0.011386303
0,0.016761843
0,0.0017739986
0,0.0003155431
0,0.008273874
0,0.0009067027
0,0.0013650156
0,0.02418301
0,0.0007786182
0,0.002782999
0,0.0009319835
0,0.0065185055
0,0.0054802983
0,0.008097597
1,0.9905186
0,0.010466917
0,0.0009703296
0,0.00065300724
0,0.020078486
0,0.013932626
1,0.9927851
0,0.0064676404
0,0.016307771
0,0.0040444513
0,0.00043300446
0,0.0005195108
0,0.06492655
0,0.00072287326
0,0.00086390245
1,0.9841815
0,0.0012758486
0,0.00837292
0,0.0008483919
0,0.008025022
0,0.0070150434
0,0.023882749
0,0.0008839883
0,0.004123111
0,0.004288906
0,0.004779897
0,0.0044154115
0,0.0023424393
0,0.0005310977
0,0.0071852785
0,0.059862707
0,0.007991271
0,0.0057332166
0,0.001347123
1,0.17409045
0,0.003575534
0,0.001094411
0,0.0072459546
0,0.0018682942
0,0.005930282
0,0.0031003114
0,0.0005816247
0,0.009992453
1,0.9842466
0,0.00051978894
0,0.004223879
0,0.07897063
0,0.025143363
0,0.0010741287
1,0.0062139565
0,0.004139059
0,0.04589928
0,0.0010601666
0,0.00059458194
0,0.021926181
0,0.00034772218
0,0.006291372
0,0.0021341548
0,0.0010763428
0,0.20164324
0,0.0008443756
0,0.002344726
0,0.00082430616
0,0.0014481561
0,0.13213171
0,0.0022065004
0,0.00876548
0,0.0016637888
0,0.00381915
0,0.04198847
0,0.0026232954
0,0.0014587784
0,0.00231269
0,0.0055150953
0,0.011979618
0,0.0041814754
0,0.0017989188
0,0.007381066
0,0.0030949325
0,0.03373414
0,0.0010093643
0,0.0008019239
0,0.0135999285
1,0.98960614
1,0.47736028
0,0.0018004127
0,0.02869457
0,0.003974808
0,0.027006095
0,0.001392754
0,0.0025211615
0,0.004028236
1,0.9910108
0,0.022069607
0,0.33427852
1,0.86104447
0,0.0030034147
0,0.0008952803
0,0.12719834
0,0.0011815379
0,0.0042962576
0,0.004427697
0,0.008731952
0,0.023743432
0,0.6068903
0,0.0015806908
0,0.007477201
0,0.059305612
0,0.0048352783
0,0.0006083142
1,0.9904771
0,0.00076160376
0,0.0135584045
1,0.9921566
0,0.0017987842
0,0.0045464765
0,0.024818579
0,0.0009706773
0,0.0036641837
0,0.0008043373
0,0.0009157507
0,0.0010554619
0,0.042888578
0,0.035536796
0,0.0046188296
0,0.0005927365
0,0.001074124
1,0.7952789
0,0.00219773
0,0.0014550069
0,0.0015023857
0,0.00066959957
0,0.0061120717
0,0.010858297
0,0.2245176
0,0.0013440223
0,0.00097231654
0,0.0012913026
0,0.0007881769
0,0.002092001
0,0.0048083286
0,0.036222663
0,0.0013998236
0,0.013224091
0,0.0055271913
0,0.002437977
1,0.9732405
0,0.01149924
0,0.008980572
0,0.008423351
0,0.0012909048
0,0.0014445061
0,0.00096951966
0,0.015039754
0,0.0012222119
0,0.013734799
0,0.0036915236
0,0.001034182
0,0.011831571
0,0.016281363
0,0.0012738433
0,0.00095616456
0,0.0017891711
0,0.17784847
0,0.0047423453
0,0.001547483
0,0.0013528687
1,0.0008467678
0,0.0058938335
0,0.0074327975
0,0.0024666945
0,0.008119869
0,0.026965195
1,0.94679433
0,0.031719927
0,0.002718944
0,0.0010997321
0,0.025087724
0,0.0009893252
0,0.004469373
0,0.004294163
0,0.0016557405
0,0.00061928097
0,0.022423383
1,0.9382601
0,0.007861172
0,0.0022388168
0,0.008026629
0,0.0022846328
0,0.002344602
0,0.0020882722
0,0.0047640563
1,0.994272
0,0.014563172
0,0.004216871
0,0.0014138967
0,0.009347227
0,0.0019732737
0,0.00044837414
0,0.004207721
0,0.0041101244
0,0.004873602
0,0.0009903928
0,0.005775231
0,0.009012738
0,0.009755667
0,0.0010133707
0,0.017157206
0,0.004702917
0,0.0009589686
1,0.9310421
0,0.0007837554
0,0.0023542754
1,0.9882223
0,0.020448195
0,0.02643175
1,0.0049587875
0,0.0006859812
0,0.0012302452
0,0.000964845
0,0.020635242
1,0.93486345
0,0.0017213697
0,0.00990914
0,0.024810877
0,0.010126564
0,0.041952606
0,0.00072775665
0,0.0055343118
0,0.0019151908
0,0.0076327305
1,0.99281454
0,0.005515302
0,0.004494971
0,0.016817959
0,0.0016172989
0,0.07595196
0,0.004218303
0,0.0017878346
0,0.0046164123
0,0.0014915457
0,0.031863034
0,0.0096767945
0,0.006999724
0,0.011085717
0,0.00061997573
0,0.0058118016
0,0.001257716
0,0.0011628711
0,0.009897648
0,0.0054301512
0,0.00465717
0,0.0054134764
0,0.0065475507
0,0.021207368
0,0.0050355163
1,0.002462616
0,0.00200576
0,0.0036203298
0,0.0033593837
0,0.005445901
0,0.0018474516
0,0.0017625575
0,0.0047147362
0,0.0062160203
0,0.012243604
0,0.0045880717
0,0.00054074405
0,0.0012404314
0,0.0073663937
0,0.0067019584
0,0.001656327
0,0.021067876
0,0.0057443227
0,0.007883902
0,0.0014622345
0,0.009716598
0,0.008541879
1,0.99123996
0,0.012842995
0,0.005164278
1,0.6463556
0,0.0013925066
0,0.00043547654
0,0.0077356407
0,0.0008141219
0,0.000565099
0,0.0108330175
0,0.00048668226
0,0.0071065654
0,0.009545725
0,0.0010039868
1,0.8990621
0,0.0011748329
1,0.1262512
0,0.0023480041
0,0.069001466
1,0.015810443
1,0.009515791
0,0.0009974355
0,0.00061122526
0,0.00045071152
0,0.010316432
0,0.0010899325
0,0.00050221727
0,0.0026114539
0,0.0016356823
0,0.008884735
0,0.010974685
0,0.026616465
0,0.00079542934
0,0.012714889
1,0.9940037
0,0.006684744
0,0.010833901
0,0.011987455
0,0.036730964
0,0.014553992
0,0.0022027043
0,0.011906105
0,0.0014718488
0,0.0047592726
0,0.008154254
0,0.0128556425
0,0.000631399
1,0.99295336
0,0.0005098857
0,0.009718076
0,0.00057619833
0,0.0206028
0,0.004131001
0,0.00096523843
0,0.004313545
0,0.0053894655
0,0.004903837
0,0.0038708504
0,0.002104412
0,0.014909899
0,0.0016316127
0,0.10893058
0,0.007913537
0,0.0015575984
0,0.0056957603
0,0.010490606
0,0.69797367
0,0.0021735923
0,0.0014501715
0,0.0034822412
0,0.0017397617
0,0.0010171003
0,0.006259981
0,0.00048542712
0,0.0638095
0,0.001316154
0,0.00093274046
0,0.001235848
0,0.055439997
1,0.9881302
0,0.040035408
0,0.0058728945
1,0.8795621
1,0.7365725
0,0.0019926461
0,0.0013122195
0,0.0014013094
0,0.00082715205
0,0.70877
0,0.006408435
0,0.0010415303
0,0.00053402997
0,0.0006019303
0,0.034204576
0,0.023185939
0,0.004399714
0,0.0058539887
0,0.0028421786
0,0.008435706
0,0.0067474563
0,0.002703208
0,0.0031828845
0,0.0008308799
0,0.001962375
0,0.020665493
0,0.0015941125
0,0.019950071
1,0.9802725
0,0.0030990664
0,0.003144378
0,0.013163473
1,0.009633133
0,0.011684554
0,0.0013150709
0,0.0042834585
0,0.014768746
0,0.01565508
0,0.0007668414
0,0.00056282204
1,0.7663548
0,0.002246747
0,0.0019281573
0,0.00038165285
0,0.0052388515
0,0.037786648
0,0.006569435
0,0.00082886894
0,0.030116782
0,0.0022144523
0,0.004023028
0,0.0017518162
0,0.00071057316
0,0.0042850715
0,0.0123425685
0,0.0031710637
0,0.0008723713
0,0.0047677592
1,0.9925264
1,0.96047443
0,0.0015408635
0,0.0047692047
0,0.0070600673
0,0.023988068
0,0.0020009086
1,0.994208
0,0.0022333337
0,0.011542514
0,0.011452304
0,0.0036029557
0,0.012042412
0,0.011380546
0,0.016280882
0,0.003482355
0,0.0015867794
0,0.00809089
0,0.0038285607
0,0.00072038686
0,0.004667499
0,0.008043111
0,0.00080536306
0,0.00175614
0,0.005832057
0,0.0005778714
0,0.0068482645
0,0.01572473
0,0.028963488
0,0.008872818
0,0.00074849575
0,0.006675176
0,0.0027760682
0,0.0017535298
0,0.001181291
0,0.009701996
0,0.0047677746
0,0.024148518
0,0.0007256417
0,0.02067165
1,0.9934481
0,0.00055277074
0,0.0038665542
0,0.0011805019
0,0.00090699556
0,0.025140703
0,0.028107315
0,0.0009426101
0,0.0031688607
0,0.007623212
0,0.0020551817
0,0.0012934481
0,0.0044315453
0,0.0009207386
0,0.00075729477
0,0.047297195
0,0.011057556
0,0.00093507976
0,0.0020875758
0,0.035424788
0,0.00055113854
0,0.0026074687
0,0.003362377
0,0.046554875
0,0.0012172955
0,0.03850134
0,0.034687612
0,0.0009652688
0,0.005048098
0,0.014535525
0,0.024096932
0,0.006949841
0,0.015324461
0,0.027396169
0,0.052359655
0,0.0021383446
0,0.0007367553
0,0.005139823
0,0.00087059586
0,0.0020913908
0,0.015542509
0,0.008516266
0,0.0067398963
0,0.011294228
0,0.0011609608
0,0.0055894637
0,0.00038104883
0,0.007880915
0,0.03527995
0,0.0847105
0,0.008791932
0,0.0028852539
0,0.004381991
0,0.0013965898
0,0.0011281198
0,0.0042351615
0,0.0018914704
0,0.0027453431
1,0.11802573
0,0.0032219347
0,0.0014491908
0,0.010162245
0,0.0009837165
0,0.0005875184
1,0.89434433
0,0.0007526866
0,0.0031550245
1,0.8445661
0,0.0136070745
0,0.010160614
1,0.9871982
0,0.008293371
0,0.035516497
0,0.014018047
0,0.010070098
0,0.008830812
0,0.0025885825
0,0.008829715
0,0.0024691748
0,0.0097785
0,0.068956465
1,0.98542446
0,0.001402738
0,0.012845595
0,0.004915121
0,0.023472345
0,0.0048929895
0,0.00047158418
0,0.0053592655
0,0.011605914
0,0.005562917
0,0.014404205
0,0.003006136
0,0.00069136365
1,0.99420565
0,0.0023168714
0,0.021236429
0,0.035414997
0,0.0013561667
0,0.0012415342
0,0.016465904
0,0.00938341
0,0.011012589
0,0.0010737875
0,0.006111168
1,0.46228507
0,0.0014158861
1,0.9942796
0,0.0016015666
0,0.043321185
0,0.0014368164
0,0.07403003
0,0.007210809
0,0.0011181452
0,0.0015617961
1,0.99388653
0,0.007552665
0,0.0012536382
0,0.01970842
0,0.02698132
0,0.002127851
1,0.5790111
0,0.0011999095
0,0.04730548
0,0.024895187
0,0.0013553262
1,0.8484114
0,0.015069152
0,0.005087185
1,0.013692221
0,0.00049643824
0,0.0046355207
0,0.00076556765
0,0.00818347
0,0.0022840176
0,0.0006543666
0,0.0011769801
0,0.014883813
1,0.19316085
0,0.016638633
0,0.0018890594
0,0.0070747067
0,0.0080276495
0,0.0077881273
0,0.002283241
0,0.005421986
0,0.034345835
0,0.0031150398
0,0.02048232
0,0.008600044
0,0.010436347
0,0.049086414
0,0.0016095572
1,0.09655935
0,0.0013803763
0,0.02498454
1,0.98375535
1,0.0031044849
0,0.0067161084
1,0.9296338
0,0.008867688
0,0.26404944
0,0.00049500767
0,0.030692296
0,0.0006346769
0,0.007023674
0,0.001160952
0,0.02208287
0,0.0038868464
0,0.0074562347
0,0.0031772375
1,0.92034554
0,0.0056263073
0,0.031177321
0,0.0029076308
0,0.0036380622
0,0.0065345396
0,0.0009212703
0,0.0068925554
0,0.012579955
0,0.0061074854
0,0.0009529228
0,0.019583406
0,0.010975383
0,0.0007634513
0,0.009129463
0,0.05128171
0,0.016185535
0,0.0062514767
0,0.01647196
0,0.00041363257
0,0.013701445
0,0.002638214
1,0.9772893
0,0.0011211898
0,0.0026811704
0,0.03125336
0,0.002011951
0,0.0010394814
0,0.0006561176
0,0.12207356
0,0.0039826934
1,0.93732667
1,0.9946966
1,0.9840806
0,0.0131705925
0,0.0007958661
0,0.1256565
0,0.002414145
0,0.024770489
0,0.003899632
1,0.9368624
0,0.00083022774
0,0.00037834042
0,0.0016248587
0,0.00405916
0,0.005390094
1,0.013647364
0,0.003281153
0,0.030324126
0,0.0010621985
0,0.021005038
0,0.0013963844
1,0.3797905
0,0.0008797198
0,0.01725107
0,0.0010727482
0,0.0010454665
0,0.017381927
0,0.0007331511
1,0.04740397
0,0.12991852
0,0.00105319
0,0.005802686
0,0.0036822525
0,0.001487426
0,0.039773
0,0.012050015
0,0.021105401
0,0.0005939244
0,0.002751385
0,0.0006380578
0,0.0019168777
0,0.061254725
0,0.0015161154
0,0.0029291178
0,0.0026738592
0,0.04333082
0,0.21015741
0,0.006434873
0,0.2440758
0,0.00028711182
0,0.037958898
0,0.010462371
0,0.0014934159
0,0.00053390424
0,0.02375977
0,0.00085044367
0,0.0009539003
0,0.010384614
1,0.80335754
0,0.0052605877
0,0.00073759654
0,0.006783221
0,0.0017568843
0,0.0032422154
0,0.0010321056
0,0.0071254354
0,0.3776662
0,0.00073210767
0,0.0009909463
0,0.0068689026
0,0.000429721
0,0.00078351866
0,0.0010201781
0,0.0065957834
1,0.9593378
0,0.0026816525
0,0.0009021475
0,0.006148197
0,0.004011747
0,0.011243882
0,0.00071268773
0,0.001021803
0,0.0014376293
0,0.019562894
0,0.0028686926
0,0.0005959368
0,0.008294724
0,0.002738012
0,0.11858739
0,0.00076977
0,0.0050906353
0,0.028853925
0,0.033297915
0,0.00095120753
0,0.0055937083
1,0.8375924
0,0.003318213
1,0.99378383
0,0.0040579285
0,0.004937524
0,0.011201409
0,0.0010142472
0,0.0027575712
0,0.009049485
0,0.00044908508
0,0.0017259093
0,0.004991204
1,0.9926473
1,0.9913305
0,0.0074941204
0,0.0028712798
0,0.04754772
0,0.0012811096
0,0.00041594732
0,0.0010268184
0,0.048648283
0,0.02020325
0,0.00063646166
0,0.01003765
0,0.004671486
1,0.9939161
1,0.93381995
0,0.017647373
0,0.0012532366
0,0.013801542
0,0.017621072
0,0.0031317796
0,0.0016893414
0,0.0058670235
0,0.00789669
0,0.0051935203
0,0.0012722943
0,0.001228697
0,0.019253114
1,0.8679533
0,0.007457212
0,0.01671575
0,0.0010476066
0,0.0083350055
0,0.010230924
0,0.005312981
0,0.0022907536
0,0.016625429
0,0.0023171415
0,0.00080676714
0,0.0006213005
0,0.0013135505
0,0.11991498
0,0.0057762824
0,0.10032107
0,0.022743026
0,0.0013852423
0,0.01780228
0,0.03477247
0,0.006116024
1,0.9855218
0,0.03310077
0,0.27736452
0,0.0021610311
0,0.0151092475
0,0.0060539115
0,0.006256319
0,0.0021267273
0,0.0011704414
0,0.0018276568
0,0.0006233648
0,0.0014638974
0,0.009372837
0,0.0011025366
1,0.94729584
0,0.007512017
0,0.00492057
0,0.004313373
0,0.00063780154
0,0.004757735
0,0.009075054
1,0.97024405
0,0.00047391217
0,0.003868143
0,0.014677771
0,0.0012062145
0,0.0016309114
0,0.0063113556
0,0.0013216452
0,0.014898797
0,0.0015902657
0,0.008339078
0,0.021902878
0,0.00404516
0,0.002314634
0,0.009219971
0,0.008055687
0,0.0007406115
0,0.008836983
0,0.0014308951
0,0.0017865831
0,0.0026682687
0,0.0005016591
0,0.004590762
0,0.017891813
0,0.00038867534
0,0.002486874
0,0.013686742
0,0.0017320202
0,0.0012316011
0,0.00092389475
0,0.001336726
0,0.20715088
0,0.000608073
0,0.0025731458
0,0.17251202
0,0.0036019648
0,0.007406004
0,0.0073194304
0,0.004050658
0,0.12813526
0,0.0013552131
0,0.000987487
0,0.0006269496
0,0.0026900494
0,0.005300072
0,0.00041606312
0,0.06207376
0,0.0024516492
0,0.004646746
0,0.00046328275
0,0.00056791893
0,0.014121279
0,0.0057794517
0,0.02744343
0,0.0044683716
0,0.006122366
0,0.00086411735
0,0.00889658
1,0.65004253
0,0.010564127
0,0.006326242
0,0.016791636
0,0.0071035014
0,0.0024640956
0,0.000662174
0,0.017306427
1,0.9833286
0,0.004996535
0,0.004299098
0,0.005066114
0,0.0013772164
0,0.00072574575
0,0.006514471
0,0.00080712436
0,0.0004274529
0,0.031800143
0,0.0023423722
0,0.0073268698
0,0.010002643
0,0.012545765
0,0.003543569
0,0.0074141053
0,0.003563279
0,0.015337895
0,0.031203028
0,0.022625683
0,0.0029750257
0,0.0038806575
0,0.0011208246
1,0.9931926
0,0.0011332295
0,0.008955556
0,0.0073527694
0,0.010682387
0,0.0009358306
0,0.0013335585
0,0.0006771504
0,0.0013831267
0,0.0065760077
0,0.014343057
0,0.0029342177
0,0.007837751
0,0.01074383
0,0.0014117023
0,0.0026283592
0,0.00051722635
0,0.60469687
1,0.9800898
0,0.004343772
1,0.9812097
0,0.0057450146
0,0.0012056362
0,0.0035885624
0,0.002030295
0,0.00070142566
0,0.008340679
0,0.0028153223
0,0.0041091056
0,0.04033498
0,0.0016517217
0,0.001988411
0,0.0059301895
0,0.021805573
